{"return_%":{"SOLUSDT":51.1195464,"SANDUSDT":10.358755162,"ETHUSDT":3.4986157,"BTCUSDT":0.0,"MATICUSDT":-9.486085203}}