{"return_%":{"BTCUSDT":0.0,"ETHUSDT":-75.2888717,"SOLUSDT":-82.7314838,"MATICUSDT":-83.170117541,"SANDUSDT":-92.659856059}}