{"return_%":{"BTCUSDT":0.0,"ETHUSDT":-50.8906827,"SANDUSDT":-58.937252439,"MATICUSDT":-60.114838508,"SOLUSDT":-61.5773008}}