{"return_%":{"BTCUSDT":0.0,"ETHUSDT":-6.8199626,"SOLUSDT":-9.0916988,"MATICUSDT":-19.838681432,"SANDUSDT":-46.883860017}}