{"return_%":{"SOLUSDT":10.1725919,"BTCUSDT":0.0,"ETHUSDT":-8.7941939,"SANDUSDT":-19.898921807,"MATICUSDT":-32.410880509}}