{"return_%":{"BTCUSDT":0.0,"ETHUSDT":-25.3725002,"MATICUSDT":-39.896510805,"SANDUSDT":-44.300772276,"SOLUSDT":-68.4080445}}